Input.Modifier,Input.Aspect,Answer.sentiment.label
older,unit,negative
clear,audio,very positive
great,unit,very positive
great,headphones,very positive
wireless,headphones,neutral
independent,volume,neutral
excellent,quality,very positive
Great,purchase,very positive
second,pair,neutral
annoying,buzz,negative
wireless,headphones,nuetral
overall,material,nuetral
sound,quality,neutral
average,headphones,positive
wireless,headphones,neutral
better,material,positive
good,quality,positive
different,brands,nuetral
wireless,headphones,nuetral
cheap,ones,nuetral
wireless,headphones,neutral
automatic,circuit,nuetral
sound,quality,nuetral
sound,quality,neutral
pretty narrow,window,neutral
acceptable,sound,positive
sweet,spot,neutral
noticeable,hiss,negative
better,sound,positive
better,quality,positive
not noticeable,hiss,na
wide,range,pisitive
good,headphones,positive
awful,sound,very negative
poor,quality,negative
dramatically,quality,negative
difficult,controls,negative
excellent,sound,very positive
described,Product,neutral
quickly,Order,positive
process,Order,positive
close,neighborhood,neutral
Awesome,earphones,very positive
excellent,VALUE,very positive
very light,sleeper,nuetral
sleeper,husband,nuetral
General,overview,nuetral
higher,volume, nuetral
initial,charge,nuetral
flat,tho,nuetral
indented,pieces,neutral
sufficient,padding,positive
left,headphone,nuetral
right,headphone,neutral
incredible,sound,very positive
little,volume,negative
extra,volume,nuetral
sound,quality,neutral
appropriate,levels,neutral
Much better,,na
exceptional,quality,very positive
valume,ranger,na
forward,u,na
unknown,something,neutral
long,distance,neutral
preferred,volume,positive
finally,wife,na
1,bonuses,na
Easy,installation,positive
excellent,reception,very positive
definite,upgrade,positive
sound,quality,neutral
rechargeable,battery,positive
decent,range,positive
BEST,gift,vefry positive
Good,quality,positive
Good,price,positive
best,investments,very positive
great,surroundis,very positive
replaceable,battery,positive
larger,adapter,neutral
worse,design,very negative
fine,tune,nuetral
todays,aging,nuetral
wireless charging,aging,nuetral
independently,speakers,nuetral
n't tone,button,na
really good,sound,very positive
poor,attachment,negative
overall,operation,nuetral
loose,Headphones,negative
very noisy,environment,negative
best,friend,nuetral
wireless,headset,nuetral
close,8,nuetral
different,job,nuetral
Great,purchase,very positive
Great,sound,very positive
personal,preference,nuetral
non,issue,nuetral
Great,sound,very positive
overall,quality,neutral
Great,thing,very positive
sound,quality,neutral
good,quality,positive
great,comment,positive
Excellent,product,very positive
closed,caption,neutral
away,tv,nuetral
not correctly,UPDATE-,nuetral
Clear,sound,positive
strong,sound,positive
high,quality,positive
reasonable,price,positive
sound,quality,neutral
bad,nose,negative
easily,settings,positive
Great,sound,very positive
not clear,noise,negative
excellent,range,very positive
not very comfortable,noise,negative
best,way,positive
wireless,headphones,neutral
very small,house,negative
fantastic,job,positive
awesome,quality,very positive
sound,quality,neutral
wireless,headphones,nuetral
quick,update,positive
multi,effects,positive
FANTASTIC,clarity,very positive
playing,efficiency,neutral
best,purchases,very positive
simple,Setup,positive
significantly,quality,positive
perfectly,headphones,very positive
significantly,efficiency,positive
great,headphones,very positive
different,adapters,neutral
great,sound,very positive
GREAT,price,very positive
Good,quality,positive
repeated,tune,neujtral
repeated,re,neutral
-,headphones,nuetral
tune,headphones,nuetral
current,programs,nuetral
Great,quality,very positive
multiple,times,neutral
stable,base,nuetral
sound,quality,nuetral
little,heavy,nuetral
soft,pillows,nuetral
great,sound,very positive
worth,Headphones,neutral
perfectly,headphones,very positive
"1,2,3",set,neutral
horrible,product,very negative
bad,reception,negative
clear,reception,positive
audio,reception,neutral
new,item,neutral
extra,headset,nuetral
new,headset,nuetral
good,productPS,positive
good,bass,positive
very good,sound,very positive
Outstanding,speakers,very positive
Amazing,quality,very positive
exceptional,quality,very posiitive
good,job,positive
poor,job,negative
high backed,chair,neutral
sound,quality,neutral
minutest,sound,neutral
inferior,system,negative
rate,quality,neutral
wonderful,device,very positive
comfortable,manner,positive
clear,audio,positive
low,volume,negative
bad,headphone,negative
audible,tv,neutral
good,headphones,positive
good,tone,positive
Great,product,very positive
old,father,neutral
better,father,nuetral
sound,quality,nuetral
silly,complaint,nuetral
giant,fingers,nuetral
multiple,walls,nuetral
awesome,quality,very positive
disappointment,headphones,negative
bass,audio,neutral
worse.4,hissing,negative
continuous,play,neutral
loud,R120,positive
concern,volume,negative
great,is,positive
little,bit,neutral
heavy,supper,NA
supper,range,neutral
excellent,product,positive
Best,sound,positive
wireless,sound,neutral
very fine,hair,neutral
set,same,neutral
deafening,noise,negative
excellent,Sound,positive
little,loose,negative
great,sound,positive
better,quality,positive
Great,product,positiive
way loud,problem,negative
great,thing,posistive
normal,volume,positive
very good,performance,very positive
acoustical,performance,neutral
exciting,something,positive
independent,volume,neutral
good,range,positive
problem,volume,negative
great,service,positive
amazing,headphones,positive
not clear,instructions,negative
good,quaity,positive
good,range,positive
great,product,positive
fast,product,positive
excellent,range,very positive
strong,gizmo,positive
electronic,gizmo,neutral
Excellent,product,very positiive
notch,3D,neutral
very good,product,very positive
outstanding,point,positive
Great,quality,positive
decent,sound,positive
wrong,way,negative
easy,Set,positive
better,headphones,neutral
very loud,hiss,negative
loud,interference,negative
hard,hiss,negative
louder,hiss,negative
not useable,set,negative
clearly,RS120,neutral
as far,hiss,negative
not Frankly,set,neutral
apparently,model,neutral
Second,set,neutral
Great,headphone,positive
much loud,music,neutral
poor,speakers,negative
great,range,positive
perfectly good,signal,positive
hidden,dial,neutral
occasional,noise,neutral
major,problem,negative
best,way,positive
audio,outputs,neutral
slight,echo,neutral
not good,hearing,negative
clear,sound,positive
not music,hearing,neutral
good,sound,posistive
rechargeable,battery,neutral
second,set,neutral
extremely high,sound,positive
easy,cushions,positive
right,husband,neutral
overnight,headphones,neutral
wireless,headphones,neutral
newer,HDTV,neutral
older,HDTV,neutral
decent,sound,positive
snug,fit,positive
sung,fit,positive
more pleasurable,sound,positive
good,range,positive
nice,touches,positive
new,set,positive
unbent,set,neutral
curved,wire,neutral
poor,design,negative
plastic,clamp,neutral
charging,wire,neutral
bad,choice,negative
poor,design,negative
second,set,neutral
better,set,neutral
better,feature,neutral
bent,headset,negative
lightweight,headset,positive
simply,wire,negative
design,wire,negative
pretty standard,head,negative
left,phone,neutral
right,one,neutral
left,phone,neutral
original,issue,negative
right,phone,neutral
defective,set,negative
bad,static,negative
worse,headphones,very negative
virtually,set,neutral
constantly,unit,neutral
AUDIO,CONNECTIONS,negative
old,dialing,neutral
collared,shirt,neutral
extremely loud,static,very negative
extremely loud,static,very negative
low,level,neutral
unintuitive,elements,negative
annoying,elements,negative
charging,base,neutral
charging,base,neutral
Added,annoyance,negative
awkward,feel,negative
good,deal,positive
good,buy,positive
sound,quality,neutral
highest,priorities,neutral
more upscale,set,positive
main,goal,neutral
wireless,headset,neutral
good,reproduction,positive
sound,reproduction,neutral
concerned,designers,negative
old,headphone,neutral
unknown,Sennheiser,neutral
sound,reception,neutral
old,headphone,neutral
old,model,neutral
new,one,neutral
great,sound,positive
excellent,quality,very positive
not easy,tuning,negative
new,headphones,neutral
wireless,headphones,neutral
very loud,parrots,negative
brilliant,investment,very positive
easier,Life,positive
brilliant,design,very positive
different,programs,neutral
great,sound,positive
different,channel,neutral
Good,product,positive
highly reputable,brand,very positive
hissing,noise,negative
odd,product,negative
great,SQ,positive
Very good,product,very positive
Easy,,NA
Great,sound,positive
second,set,neutral
different,TVs,neutral
huge,issue,very negative
loud,static,negative
wired,solution,neutral
older,versions,neutral
not present,audio,neutral
better,versions,neutral
issue,loss,neutral
little,feedback,neutral
best,signal,neutral
little,bit,neutral
excellent,USE,positive
not perfect,sound,negative
clear,sound,positive
never perfect,sound,negative
main,reason,neutral
wireless,headphones,neutral
good,quality,positive
better,headphones,neutral
solid,Sound,positive
independent,audio,neutral
weak,arms,negative
slight,hiss,negative
puzzling,thing,negative
good,quaity,positive
good,range,positive
great,product,positive
fast,product,positive
excellent,range,very positive
strong,gizmo,positive
electronic,gizmo,neutral
Excellent,product,very positiive
notch,3D,neutral
very good,product,very positive
outstanding,point,positive
Great,quality,positive
decent,sound,positive
wrong,way,negative
easy,Set,positive
better,headphones,neutral
very loud,hiss,negative
loud,interference,negative
hard,hiss,negative
louder,hiss,negative
not useable,set,negative
clearly,RS120,neutral
as far,hiss,negative
not Frankly,set,neutral
apparently,model,neutral
Second,set,neutral
previous,ones,neutral
new,ones,neutral
new,pair,neutral
wireless,headphones,neutral
good,product,positive
Great,headphone,positive
much loud,music,neutral
poor,speakers,negative
great,range,positive
perfectly good,signal,positive
hidden,dial,neutral
occasional,noise,neutral
major,problem,negative
best,way,positive
audio,outputs,neutral
slight,echo,neutral
not good,hearing,negative
clear,sound,positive
not music,hearing,neutral
good,sound,posistive
outside,noise,neutral
directly,Sound,neutral
2nd,set,neutral
second,set,neutral
great,sound,positive
old,Ears,neutral
much nicer,unit,positive
increasing,volume,positive
great,listening,positive
much better,listening,positive
comfortable,headphones,positive
convenient,controls,positive
listening,sound,neutral
Fabulous,sound,very positive
medical,transcriptionist,neutral
metal,walls,neutral
faint,hiss,negative
awkward,feel,negative
good,deal,positive
good,buy,positive
sound,quality,neutral
highest,priorities,neutral
more upscale,set,positive
main,goal,neutral
wireless,headset,neutral
good,reproduction,positive
sound,reproduction,neutral
concerned,designers,negative
old,headphone,neutral
unknown,Sennheiser,neutral
sound,reception,neutral
old,headphone,neutral
old,model,neutral
new,one,neutral
great,sound,positive
excellent,quality,very positive
not easy,tuning,negative
new,headphones,neutral
wireless,headphones,neutral
very loud,parrots,negative
BEST,purchase,very positive
clear,sound,positive
slight,deficiency,negative
late,movies,neutral
Great,quality,very positive
elderly,gentleman,neutral
comfortable,set,positive
wireless,sound,neutral
reasonable,value,positive
added,bonus,neutral
fantastic,deal,very positive
asleep,wife,neutral
Great,set,very positive
overlapping,routines,neutral
scary,movies,neutral
great,quality,very positive
sound,headphones,neutral
lesser,headphones,negative
hard,husband,neutral
Great,quality,very positive
great,sound,very positive
timely,manner,positive
sound,quality,neutral
great,quality,very positive
great,Price,very positive
WORST,purchase,very negative
obvious,problems,very negative
super loud,hiss,very negative
VERY intrusive,control,very negative
automatic,control,neutral
audio,levels,neutral
very soft,from,neutral
plus,side,neutral
wonderful,freedom,neutral
audio,quality,neutral
treble,mids,neutral
charging,unit,neural
aggressive,equalization,negative
average,volume,neutral
OPEN,AIR,neutral
cheap,headphone,negative
obvious,disturbance,negative
worth,headphone,neutral
apparently,headphone,neutral
wireless,headphones,neutral
simple,setup,positive
cumbersome,connections,negative
sound,quality,neutral
elliptical,machine,neutral
great,quality,positive
adjustable,fit,positive
Great,headset,positive
Great,sound,positive
easy,sound,positive
great,way,positive
better,Sennheiser,positive
lose,side,negative
most thankful,people,positive
normal,chores,neutral
unknown,brand,negative
customary,period,neutral
wireless,headphones,neutral
free,shipping,positive
free,shipping,positive
rear,panel,neutral
audio,jacks,neutral
normal,sound,neutral
rear,jacks,neutral
constant,level,neutral
audio,level,neutral
sound,quality,neutral
superb,product,very positive
fabulous,Amazon,positive
great,RS,positive 
not muted,sound,positive
great,headphones,positive
rich,quality,positive
suitably,batteries,positive
spectrum,quality,positive
Excellent,quality,very positive
Easy,,NA
different,capabilities,positive
different,people,neutral
different,levels,neutral
great,benefits,positive
suttle,effects,positive
second,TV,neutral
different,channels,neutral
frequency,channels,neutral
wonderful,product,very positive
great,sound,very psotive
great,range,very positive
highly,product,positive
wireless,headphones,neutral
little,big,negative
great,headphones,positive
good,sound,positive
total,junk,very negative
portable,units,neutral
living,units,neutral
small,room,neutral
good,reception,positive
better,brand,neutral
second,headset,neutral
batteries.----------prior,review--------I,NA
different,brands,neutral
second,set,neutral
charging,stand,neutral
fake,youout,neutral
red,light,nuetral
green,light,neutral
charging,stand,neutral
big,yard,nuetral
defective,headset,negative
light,headphones,positive
excellent,sound,positive
fine,headset,positive
not properly,radiojack,negative
automatic,shutoff,negative
sound,quality,neutral
sound,quality,nuetral
good,range,positive
minimal,disruption,positive
wireless,headphones,neutral
loud,static,negative
good,set,positive
loud,static,negative
great,headphones,very positive
good,quality,positive
not static,headphones,positive
auto,problem,negative
electronic,buzzing,negative
decent,set,positive
inner,ear,neutral
outer,ear,neutral
great,concept,positive
small,head,negative
wirelss,phones,neutral
inevitable,hiss,negative
possible,exception,neutral
very soft,passages,neutral
classical,music,neutral
audiophile,quality,positive
AWFUL,lot,negative
clamping,pressure,negative
TEENSY,bit,negative
better,fit,negative
excellent,sound,positive
low,hiss,negative
acceptable,Range,positive
"\\""new\\",earpads,neutral
cheaper,ones,neutral
negative,reviews,negative
large,headset,negative
decent,pair,positive
comfortable,term,positive
long,term,neutral
charging,station,neutral
somewhat limited,interference,negative
certain,times.)I,neutral
wide,range,positive
fairly flat,response,negative
slight,exaggerations,neutral
noticeable,lack,negative
highly dynamic,music,positive
recording,engineer,neutral
fairly good,ear,positive
overall,rating,neutral
good,headphones,positive
bad,headphones,negative
able,headphones,neutral
fine,station,positive
not probably,people,neutral
pair,headsets,neutral
Excellent,headset,very positive
easy,comfortable,positive
very comfortable,pads,very positive
sound,quality,neutral
wireless,headphones,neutral
higher,hopes,negative
well padded,unit,positive
comfortable,unit,positive
batter,life,neutral
fine,unit,neutral
not comfortable,cups,negative
barely,pads,negative
bad,clarity,negative
very clear,issues,negative
great,product,postive
good,price,positve
charging,cradle,neutral
older,speakers,neutral
much longer,distance,neutral
shorter,distance,neutral
extra,headphone,neutral
loud,sound,positive
charging,base,neural
audio,input,neutral
clear,sound,positive
electronic,devices,neutral
provided,cables,positive
local,stations,neutral
annoying,noise,negative
Apparently,base,neutral
retired,engineer,neutral
electrical,engineer,neutral
expensive,aids,negative
comprehensive,much,neutral
more normal,sound,neutral
young,amateur,neutral
wireless,headphone,neutral
very limited,as,negative
high,frequencies,neutral
welcome,enhancement,neutral
poor,hearing,negative
annoying,aids,negative
pleasant,Music,positive
clear,voices,positive
superior,phones,positive
annoyance,cord,negative
enhancement,phones,neutral
late,night,neutral
clear,sound,positive
wireless,headphones,neutral
very short,reception,negative
new,as,neutral
still good,Battery,positive
new,as,neutral
incredible,range,very positive
great,sound,positive
wonderful,Sound,very positive
as good,Battery,positive
sound,quality,positive
decent,quality,positive
older,model,neutral
high,tech,positive
sole,purpose,neutral
loud,hissing,very negative
random,fluctuation,negative
great,reviews,positive
loud,hissing,negative
high,on,neutral
older,model,neutral
sound,wires,neutral
clear,surround,positive
crisp,surround,positive
negative,review,negative
little,effort,negative
rolled,bandana,neutral
loose,knot,neutral
long,periods,neutral
simple,issues,negative
adequate,instructions,positive
basic,hookup,positive
more detailed,sheet,neutral
constant,hiss,negative
incredible,difference,neutral
big,headphones,negative
not thorough,Sennheiser,neutral
great,tool,positive
loud,broadcast,positive
tonal,quality,positive
wireless,reception,neutral
terrific,earphones,positive
great,quality,positive
excellent,reception,very positive
wired,pair,neutral
loud,feedback,negative
close,anything,negative
small,problem,negative
great,thing,positive
Great,,NA
great,product,positive
comfortable,Headset,positive
left,earphone,neutral
very porous,foam,neutral
directly,foam,neutral
minor,distortion,negative
ajorning,rooms,neutral
great,buy,positive
second,set,neutral
buy,Headphones,neutral
impared,member,neutral
odd,thing,negative
following,day,neutral
original,TV,neutral
new,pair,neutral
inexpensive,pair,neutral
wired,pair,nuetral
audiophile,sound,positive
refurbished,pair,neutral
defective,unit,negative
poor,sound,negative
poor,quality,negative
slight,movements,neutral
defective,pair,negative
positive,reviews,positive
better,sound,positive
weak,quality,negative
great,phones,positive
CX300,headphones,neutral
wireless,headphones,neutral
considerable,use,neutral
great,sound,positive
excellent,service,very positive
new,one,neutral
clear,audio,positive
good,quality,positive
Fast,shipping,positive
loud,passages,negative
dynamic,changes,positive
quieter,sections,positive
good,weight,positive
commercial,volume,positive
bad,switch,negative
disable,switch,neutral
good,sound,positive
constantly,Control,negative
plenty,cord,positive
hiss,effect,negative
maximum,volume,neutral
dynamic,volume,positive
Too bulky,sleep,negative
wireless,headphones,neutral
wired,headphones,neutral
much better,quality,positive
low,good.-Limit,neutral
extensive,loss,negative
similar,products,neutral
external,volume,neutral
so low,volume,neutral
given,moment,neutral
huge,bone,nuetral
second,set,neutral
not ringing,ears,neutral
loud,volume,nuetral
reasonable,price,positive
not heavy,headphones,positive
Godsend,earphones,very psotive
different,room,neutral
long,time,neutral
great,headphones,positive
clear,sound,positive
huge,complex,positive
little,noise,negative
occasional,fade,negative
great,deal,positive
excellent,quality,very positive
excellent,head,very positive
fit,adjustment,neutral
not explicit,directions,negative
clear,headphones,positive
not Unfortunately,directions,negative
sound,level,neutral
impaired,hearing,negative
n't deaf,rest,negative
great,sound,positive
comfortable,cradle,positive
awesome charging,cradle,positive
huge,drawback,negative
awful,noise,negative
LOUD,noise,negative
static,noise,negative
sharp,static,negative
Terrible,design,very negative
wireless,headphones,neutral
sure,drawback,negative
noise,drawback,negative
headphones,design,neutral
better,sound,positive
sound,quality,neutral
built,speakers,neutral
sound,quality,neutral
good,reception,positive
very little,static,positive
recharging,cradle,neutral
very small,head,neutral
strong,recommendation,positive
wireless,headphones,neutral
excellent,quality,positive
great,range,positive
simple,cradle,positive
hours,life,positive
older,model,neutral
overall,quality,neutral
sound,quality,neutral
constant,tinkering,negative
cheap,quality,negative
disappointing,quality,negative
not good,quality,negative
poor,reception,negative
not properly,headphones,negative
wireless,headsets,netral
wireless,headset,neutral
typical,jacks,neutral
RED,WHITE,neutral
flat,panel,neutral
single,OUTPUT,neutral
audio,output,neutral